,MAE,MSE,RMSE,R2,set,modelo
0,210.51884270498672,65706.10508179657,256.3320211791663,0.015172254680048791,test,Linear Regresion
1,214.32020567342934,66978.13225860744,258.8013374358939,0.014837661524318424,train,Linear Regression
