,MAE,MSE,RMSE,R2,set,modelo
0,210.51884270498672,65706.10508179657,256.3320211791663,0.0151722546800487,test,Linear Regresion
1,214.3202056734293,66978.13225860744,258.8013374358939,0.0148376615243184,train,Linear Regression
0,210.05992041309267,65485.03222033403,255.90043419332846,0.018485777638601264,test,Decision tree I
1,212.61686775817006,65919.0755004932,256.74710417158207,0.030415026810855283,train,Decision tree I
0,207.91814709639328,64418.356952149785,253.80771649449468,0.034473506603005744,test,Decision tree II
1,211.8814479541605,65713.88833744294,256.34720271039225,0.03343306655844469,train,Decision tree II
