,accuracy,precision,recall,f1,kappa,set,modelo
0,0.7290125031895892,0.7310725552050473,0.5625,0.6358024691358024,0.42581337097618865,test,Regresión logistica Stan_Bal
1,0.7330313855575402,0.7496121024049651,0.5718301523894067,0.648762064624423,0.43966817699773175,train,Regresión logistica Stan_Bal
0,0.9858008501401827,0.0,0.0,0.0,-0.00017976109059669731,test,Regresión logistica Sin Stan-Bal
1,0.9826350419427047,0.0,0.0,0.0,-0.00013515206196990093,train,Regresión logistica Sin Stan-Bal
0,0.728502168920643,0.7302839116719243,0.5618932038834952,0.635116598079561,0.42473204022473143,test,Regresión logistica Sin Stan Con Bal
1,0.7327124266394488,0.7496598639455783,0.5706465453469448,0.6480174731182796,0.4388849588944681,train,Regresión logistica Sin Stan Con Bal
0,0.9858008501401827,0.0,0.0,0.0,-0.00017976109059669731,test,Regresión logistica Con Stan Sin Bal
1,0.9826350419427047,0.0,0.0,0.0,-0.00013515206196990093,train,Regresión logistica Con Stan Sin Bal
