,accuracy,precision,recall,f1,kapppa,set,modelo
0,0.7306414515716841,0.7532467532467533,0.5530393325387366,0.6378006872852234,0.43130630848022355,test,Regresión logistica Stan_Bal
1,0.7186122292505271,0.7405916683437311,0.5415746872700515,0.6256375382522952,0.40880685691030527,train,Regresión logistica Stan_Bal
0,0.9858008501401827,0.0,0.0,0.0,-0.00017976109059669731,test,Regresión logistica Sin Stan-Bal
1,0.9826350419427047,0.0,0.0,0.0,-0.00013515206196990093,train,Regresión logistica Sin Stan-Bal
0,0.7301303347814976,0.7516181229773463,0.5536352800953516,0.6376115305422101,0.4304021826003458,test,Regresión logistica Sin Stan Con Bal
1,0.7184205482077822,0.7398553635998393,0.5420161883738043,0.6256689034230868,0.4084982426150586,train,Regresión logistica Sin Stan Con Bal
