,accuracy,precision,recall,f1,kapppa,set,modelo
0,0.8228872576698664,0.7830097087378641,0.5291994750656168,0.6315583398590446,0.5206566428525818,test,Regresión logistica Stan_Bal
1,0.8237771451426958,0.7928145232956709,0.5159877716268694,0.6251251251251252,0.516585448074063,train,Regresión logistica Stan_Bal
0,0.9858008501401827,0.0,0.0,0.0,-0.00017976109059669731,test,Regresión logistica Sin Stan-Bal
1,0.9826350419427047,0.0,0.0,0.0,-0.00013515206196990093,train,Regresión logistica Sin Stan-Bal
0,0.8230754752493883,0.7854349951124144,0.527230971128609,0.6309383588535532,0.5204370379524619,test,Regresión logistica Sin Stan Con Bal
1,0.8233065901230502,0.793782781118076,0.5126828059158887,0.6229919678714859,0.5144852425780548,train,Regresión logistica Sin Stan Con Bal
